,Unnamed: 0,create_at,item_serach,user_account,user_description,User_follower,text,hashtag,retweet_count,favourite_count,at_tweet,user_descriptions_owner
0,0,2021-02-26 02:43:14,#р╕Ир╕▒р╕Бр╕гр╕зр╕▓р╕ер╣Гр╕Хр╣Йр╕кр╕бр╕╕р╕Чр╕г,ordinarydecem,р╕лр╕ер╣Ир╕нр╕бр╕╡р╕Шр╕╕р╕гр╕░,42,"р╕Чр╣Йр╕нр╕Зр╕Яр╣Йр╕▓р╕Ир╕│р╕ер╕нр╕З р╕лр╣Йр╕нр╕Зр╕Бр╕зр╣Йр╕▓р╕Зр╕Чр╕гр╕Зр╕Др╕гр╕╢р╣Ир╕Зр╕зр╕Зр╕Бр╕ер╕бр╕Юр╕гр╣Ир╕▓р╕Зр╕Юр╕гр╕▓р╕вр╣Др╕Ыр╕Фр╣Йр╕зр╕вр╕лр╕бр╕╣р╣Ир╕Фр╕▓р╕зр╕Щр╣Йр╕нр╕вр╣Гр╕лр╕Нр╣И 
р╕Чр╕╡р╣Ир╕Щр╕▒р╣Ир╕Зр╕Вр╣Йр╕▓р╕Зр╣Ар╕Вр╕▓р╣Ар╕Ыр╣Зр╕Щ 'р╕нр╕гр╕гр╕Ур╕Ю' р╕Др╕Щр╕Юр╕┤р╣Ар╕ир╕йр╣Бр╕ер╕░р╕Др╕Щр╕гр╕▒р╕Бр╣Ар╕Юр╕╡р╕вр╕Зр╕Др╕Щр╣Ар╕Фр╕╡р╕вр╕зр╕Вр╕нр╕Зр╣Ар╕Вр╕▓ 
р╣Ар╕Чр╣Ир╕▓р╕Щр╕╡р╣Йр╕Юр╕ер╕▒р╕Зр╕Зр╕▓р╕Щр╕Кр╕╡р╕зр╕┤р╕Хр╕Вр╕нр╕З 'р╕ир╕ир╕┤р╕Щ' р╕Бр╣Зр╕Цр╕╣р╕Бр╣Ар╕Хр╕┤р╕бр╣Ар╕Хр╣Зр╕б
.
р╕Бр╕▓р╕гр╕Ър╕гр╕гр╕вр╕▓р╕вр╣Бр╕ер╕░р╕Йр╕▓р╕вр╕Чр╣Йр╕нр╕Зр╕Яр╣Йр╕▓р╕Ир╕│р╕ер╕нр╕Зр╕Ир╕Ър╕ер╕Зр╣Гр╕Щр╣Ар╕зр╕ер╕▓р╕лр╣Йр╕▓р╕кр╕┤р╕Ър╕Щр╕▓р╕Чр╕╡
.
р╕Кр╣Ир╕▓р╕Зр╣Ар╕Ыр╣Зр╕Щр╕лр╣Йр╕▓р╕кр╕┤р╕Ър╕Щр╕▓р╕Чр╕╡р╕Чр╕╡р╣Ир╕бр╕╡р╕Др╕зр╕▓р╕бр╕лр╕бр╕▓р╕в
.
#р╕Ир╕▒р╕Бр╕гр╕зр╕▓р╕ер╣Гр╕Хр╣Йр╕кр╕бр╕╕р╕Чр╕г 345р╕┐ https://t.co/juwklno4b5", ,33,21,Lunaspacestore,"""Lunaspace: a place where arts sprout."" | р╕Фр╕╣р╕гр╕╡р╕зр╕┤р╕зр╕Чр╕╡р╣И #LunaspaceReview | р╕кр╕▒р╣Ир╕Зр╕Лр╕╖р╣Йр╕нр╕лр╕Щр╕▒р╕Зр╕кр╕╖р╕н/р╕ир╕┤р╕ер╕Ыр╕┤р╕Щр╕Хр╕┤р╕Фр╕Хр╣Ир╕нр╕зр╕▓р╕Зр╕Ир╕│р╕лр╕Щр╣Ир╕▓р╕вр╕Ьр╕ер╕Зр╕▓р╕Щ р╣Бр╕нр╕Фр╣Др╕ер╕Щр╣Мр╕Хр╕гр╕Зр╕ер╕┤р╕Зр╕Др╣Мр╣Др╕Фр╣Йр╣Ар╕ер╕вр╕Др╣Ир╕░"
1,1,2021-02-25 19:08:04,#р╕Ир╕▒р╕Бр╕гр╕зр╕▓р╕ер╣Гр╕Хр╣Йр╕кр╕бр╕╕р╕Чр╕г,nnsay_p,||| @BTS_twtЁЯТЬ ЁЭЪШЁЭЪЭтБ╖ тАв ЁЭЩбЁЭЩЮЁЭЩЫЁЭЩЪ ЁЭЩЬЁЭЩдЁЭЩЪЁЭЩи ЁЭЩдЁЭЩг тШ╛уВ╖тАв | ╔к╔┤╥Ус┤Ш-с┤Ы,108,"ЁЯМЩ AVAILABLE BOOKS:
- #р╣Ар╕бр╕╖р╣Ир╕нр╕Др╕зр╕▓р╕бр╕Хр╕▓р╕вр╕Чр╕│р╣Гр╕лр╣Йр╣Ар╕гр╕▓р╕Юр╕Ър╕Бр╕▒р╕Щ
- #р╕Бр╣Ир╕нр╕Щр╕кр╕▒р╣Ир╕ЗAction
- #р╕Хр╕░р╕зр╕▒р╕Щр╣Гр╕Щр╕зр╕▒р╕Щр╕гр╕╕р╣Ир╕Зр╕Вр╕╢р╣Йр╕Щ 
- #р╕гр╕▒р╕Бр╕Ир╕░р╕Ыр╕Бр╕Ыр╣Йр╕нр╕З
- #р╣Гр╕Др╕гр╕кр╕▒р╕Бр╕Др╕Щр╣Гр╕Щр╣Ар╕гр╕▓р╕Чр╕▒р╣Йр╕Зр╕Др╕╣р╣И 
- #р╕Ир╕▒р╕Бр╕гр╕зр╕▓р╕ер╣Гр╕Хр╣Йр╕кр╕бр╕╕р╕Чр╕г 
.
#Lunaspacestore р╕кр╕Хр╣Зр╕нр╕Бр╕Юр╕гр╣Йр╕нр╕бр╕кр╣Ир╕Зр╕Щр╣Йр╕▓ р╕кр╕▒р╣Ир╕Зр╣Бр╕нр╕Фр╣Др╕ер╕Щр╣МЁЯСЙ https://t.co/IbyH2ejdzc https://t.co/36j3w93FMy", /р╣Ар╕бр╕╖р╣Ир╕нр╕Др╕зр╕▓р╕бр╕Хр╕▓р╕вр╕Чр╕│р╣Гр╕лр╣Йр╣Ар╕гр╕▓р╕Юр╕Ър╕Бр╕▒р╕Щ/р╕Бр╣Ир╕нр╕Щр╕кр╕▒р╣Ир╕ЗAction/р╕Хр╕░р╕зр╕▒р╕Щр╣Гр╕Щр╕зр╕▒р╕Щр╕гр╕╕р╣Ир╕Зр╕Вр╕╢р╣Йр╕Щ/р╕гр╕▒р╕Бр╕Ир╕░р╕Ыр╕Бр╕Ыр╣Йр╕нр╕З,78,50,Lunaspacestore,"""Lunaspace: a place where arts sprout."" | р╕Фр╕╣р╕гр╕╡р╕зр╕┤р╕зр╕Чр╕╡р╣И #LunaspaceReview | р╕кр╕▒р╣Ир╕Зр╕Лр╕╖р╣Йр╕нр╕лр╕Щр╕▒р╕Зр╕кр╕╖р╕н/р╕ир╕┤р╕ер╕Ыр╕┤р╕Щр╕Хр╕┤р╕Фр╕Хр╣Ир╕нр╕зр╕▓р╕Зр╕Ир╕│р╕лр╕Щр╣Ир╕▓р╕вр╕Ьр╕ер╕Зр╕▓р╕Щ р╣Бр╕нр╕Фр╣Др╕ер╕Щр╣Мр╕Хр╕гр╕Зр╕ер╕┤р╕Зр╕Др╣Мр╣Др╕Фр╣Йр╣Ар╕ер╕вр╕Др╣Ир╕░"
2,35,2021-02-25 07:36:39,#р╕Ир╕▒р╕Бр╕гр╕зр╕▓р╕ер╣Гр╕Хр╣Йр╕кр╕бр╕╕р╕Чр╕г,dkm07_,уЕб эЦЗы╣Ы,11,#р╕Ир╕▒р╕Бр╕гр╕зр╕▓р╕ер╣Гр╕Хр╣Йр╕кр╕бр╕╕р╕Чр╕г #р╣Бр╕Щр╕░р╕Щр╣Нр╕▓р╕Щр╕┤р╕вр╕▓р╕вр╕зр╕▓р╕в р╕лр╕ер╕Зр╕гр╕▒р╕Бр╣Ар╕гр╕╖р╣Ир╕нр╕Зр╕Щр╕╡р╣Йр╕бр╕▓р╕Бр╕Бр╕Бр╕Бр╕Бр╕Б р╣Ар╕лр╕бр╕▓р╕░р╕кр╕│р╕лр╕гр╕▒р╕Ър╕Чр╕╕р╕Бр╕Др╕Щр╣Ар╕ер╕в р╕нр╣Ир╕▓р╕Щр╕Зр╣Ир╕▓р╕вр╕ар╕▓р╕йр╕▓р╕кр╕зр╕в р╕лр╕гр╕╖р╕нр╕Цр╣Йр╕▓р╕Др╕Щр╕Чр╕╡р╣Ир╕Кр╕нр╕Ър╕Хр╕╡р╕Др╕зр╕▓р╕б р╣Ар╕Кр╕╖р╣Ир╕нр╕бр╣Вр╕вр╕Зр╕Бр╣Зр╣Бр╕Щр╕░р╕Щр╕│р╣Гр╕лр╣Йр╕нр╣Ир╕▓р╕Щ р╣Гр╕Др╕гр╣Ар╕гр╕╡р╕вр╕Щр╕зр╕┤р╕Чр╕вр╣Мр╕вр╕┤р╣Ир╕Зр╕нр╣Ир╕▓р╕Щр╣Ар╕Юр╕ер╕┤р╕Щр╣Жр╣Ар╕ер╕вр╕Др╣Ир╕░ р╕нр╕▒р╕Щр╕нр╕▒р╕Щр╕Бр╕▒р╕Ър╕Др╕░р╕Щр╕┤р╣Йр╕Зр╕Вр╕нр╕Зр╣Ар╕Вр╕▓ р╕Чр╕▒р╣Йр╕Зр╕Др╕╣р╣Ир╕Др╕╕р╕вр╕Бр╕▒р╕Щр╕Щр╣Ир╕▓р╕гр╕▒р╕Бр╕бр╕▓р╕Б р╕нр╣Ир╕▓р╕Щр╣Бр╕ер╣Йр╕зр╕нр╕вр╕▓р╕Бр╕бр╕╡р╕Др╕зр╕▓р╕бр╕гр╕▒р╕Бр╕Вр╕╢р╣Йр╕Щр╕бр╕▓р╕ер╣Йр╕▓р╕Щр╣Ар╕Чр╣Ир╕▓тШБя╕ПЁЯМЩтнРя╕ПЁЯМКЁЯР│ЁЯРм https://t.co/jlJJF4dRPh, /р╕Ир╕▒р╕Бр╕гр╕зр╕▓р╕ер╣Гр╕Хр╣Йр╕кр╕бр╕╕р╕Чр╕г/р╣Бр╕Щр╕░р╕Щр╣Нр╕▓р╕Щр╕┤р╕вр╕▓р╕вр╕зр╕▓р╕в,18,10,Bozhan520530,"ф╕НхО╗ш┐ОхРИхИлф║║ц┤╗ цЙНф╝ЪшзЙх╛ЧцЬЙцДПцАЭуАВр╕кр╕▓р╕зр╕зр╕▓р╕вр╕кр╕▓р╕вр╕гр╕╡р╕нр╕вр╣Ир╕▓р╕Зр╕Ър╣Йр╕▓р╕Др╕ер╕▒р╣Ир╕З р╕кр╕Щр╕▒р╕Ър╕кр╕Щр╕╕р╕ЩLGBT+ ЁЯП│я╕ПтАНЁЯМИуАРр╕ер╕▒р╕Чр╕Шр╕┤р╕Ьр╕▒р╕зр╕кр╕▓р╕з р╣Ар╕бр╕░р╕лр╕Щр╣Йр╕▓р╕кр╕зр╕в р╣Ар╕Др╕░р╣Бр╕бр╕ЩуАС SPN, HP, MDZS, HxH, Allkagami #BJYX ЁЯРв #DmHp #Hannigram 7824 ЁЯУЪ"
3,37,2021-02-25 06:34:47,#р╕Ир╕▒р╕Бр╕гр╕зр╕▓р╕ер╣Гр╕Хр╣Йр╕кр╕бр╕╕р╕Чр╕г,Simoeis,Lomenel Artist тЭдl TH/ENG l тЩеMARVEL l ЁЯТбHIGHLIGHTЁЯТбl Little Lair with lots of things l тЭд Drawing & Handmade work,132,"StellarMarine #р╕Ир╕▒р╕Бр╕гр╕зр╕▓р╕ер╣Гр╕Хр╣Йр╕кр╕бр╕╕р╕Чр╕г 

ЁЯМЩЁЯМКр╕гр╕╣р╕Ыр╣Ар╕ер╣Ир╕б ::
HOMU
https://t.co/RISJ4rlXI5
LUNASPACE
https://t.co/dgbwoz2pro

ЁЯМЩЁЯМКE-book::
https://t.co/3oIycRCxkw https://t.co/rdtgYHJudq", /р╕Ир╕▒р╕Бр╕гр╕зр╕▓р╕ер╣Гр╕Хр╣Йр╕кр╕бр╕╕р╕Чр╕г,15,6,Raccooll,р╕Фр╕╣р╕Щр╕┤р╕вр╕▓р╕вр╣Гр╕Щ ЁЯУН
4,49,2021-02-25 03:22:37,#р╕Ир╕▒р╕Бр╕гр╕зр╕▓р╕ер╣Гр╕Хр╣Йр╕кр╕бр╕╕р╕Чр╕г,oiLonlyMTBB,"7 or never , 7 or nothing",24,"#р╕Ир╕▒р╕Бр╕гр╕зр╕▓р╕ер╣Гр╕Хр╣Йр╕кр╕бр╕╕р╕Чр╕г р╕Ир╕Ър╣Бр╕ер╣Йр╕з

р╣П #р╕Щр╕┤р╕вр╕▓р╕вр╕Яр╕┤р╕ер╕Бр╕╣р╣Йр╕е р╕нр╣Ир╕▓р╕Щр╕Зр╣Ир╕▓р╕в р╣Ар╕Ыр╣Зр╕Щр╣Ар╕гр╕╖р╣Ир╕нр╕Зр╕гр╕▓р╕зр╕Вр╕нр╕Зр╕Др╕Щр╕кр╕нр╕Зр╕Др╕Щр╕Чр╕╡р╣Ир╣Гр╕Кр╣Йр╕Кр╕╡р╕зр╕┤р╕Хр╣Ар╕гр╕╡р╕вр╕Ър╣Ж р╣Ар╕Ыр╣Зр╕Щр╕н.р╕бр╕лр╕▓р╕ер╕▒р╕вр╕Чр╕▒р╣Йр╕Зр╕Др╕╣р╣И р╕Др╕Ър╕Бр╕▒р╕Щр╕бр╕▓р╕Хр╕▒р╣Йр╕Зр╣Бр╕Хр╣Ир╕бр╕лр╕▓р╕ер╕▒р╕в р╕Др╕зр╕▓р╕бр╕Кр╕нр╕Ър╕Хр╣Ир╕▓р╕Зр╕Бр╕▒р╕Щр╣Бр╕Хр╣Ир╣Ар╕Вр╣Йр╕▓р╕Бр╕▒р╕Щр╣Др╕Фр╣Й р╕бр╕╡р╕Бр╕▓р╕гр╣Ар╕ер╣Ир╕▓р╕кр╕ер╕▒р╕Ър╣Др╕Ыр╕бр╕▓р╕гр╕░р╕лр╕зр╣Ир╕▓р╕Зр╕Бр╣Ир╕нр╕Щр╕Др╕Ъ р╕Бр╕▒р╕Ър╕лр╕ер╕▒р╕Зр╕Др╕Ър╕Бр╕▒р╕Щр╣Бр╕ер╣Йр╕з #р╕Др╕╖р╕нр╕Фр╕╡р╕вр╕вр╕вр╕вр╣М р╕Др╕╖р╕Щр╣Ар╕Фр╕╡р╕вр╕зр╕Бр╣Зр╕нр╣Ир╕▓р╕Щр╕Ир╕Ъ 

#р╕гр╕╡р╕зр╕┤р╕зр╕Щр╕┤р╕вр╕▓р╕вр╕зр╕▓р╕в
https://t.co/b0tUV8H9cf https://t.co/kU3MbmYj8D", /р╕Ир╕▒р╕Бр╕гр╕зр╕▓р╕ер╣Гр╕Хр╣Йр╕кр╕бр╕╕р╕Чр╕г/р╕Щр╕┤р╕вр╕▓р╕вр╕Яр╕┤р╕ер╕Бр╕╣р╣Йр╕е,606,674,YaoiNovel,р╕Хр╕▓р╕бр╕Щр╕┤р╕вр╕▓р╕вр╕Чр╕╡р╣Ир╕Чр╕зр╕┤р╕Хр╣Др╕Ы @yaoinovel_2 | р╕Щр╕┤р╕вр╕▓р╕вр╕зр╕▓р╕вр╕Ир╕Ър╣Гр╕ЩFav.р╕Щр╕╡р╣ЙтЬи | р╕Чр╕зр╕┤р╕Хр╣Ар╣Ар╕Хр╣Ир╕Щр╕┤р╕вр╕▓р╕вр╕Чр╕╡р╣Ир╕нр╣Ир╕▓р╕Щ | #Thaiboyslove #р╕гр╕╡р╕зр╕┤р╕зр╕Щр╕┤р╕вр╕▓р╕вр╕зр╕▓р╕в #р╣Бр╕Щр╕░р╕Щр╣Нр╕▓р╕Щр╕┤р╕вр╕▓р╕вр╕зр╕▓р╕в
5,54,2021-02-25 03:12:25,#р╕Ир╕▒р╕Бр╕гр╕зр╕▓р╕ер╣Гр╕Хр╣Йр╕кр╕бр╕╕р╕Чр╕г,_iimarchii,"ЁЯТЫ| | Bro&Sis: @MTMing93 @CopterCopterx | |ЁЯТЫ
р╣Бр╕нр╕Др╕гр╕зр╕бр╕Чр╕╕р╕Бр╕нр╕вр╣Ир╕▓р╕Зр╕Чр╕╡р╣Ир╕Йр╕▒р╕Щр╕Кр╕нр╕Ър╣Ар╕нр╕▓р╣Др╕зр╣Йр╣Бр╕нр╕Др╣Ар╕Фр╕╡р╕вр╕зр╣Ар╕Юр╕гр╕▓р╕░р╕Йр╕▒р╕Щр╕Вр╕╡р╣Йр╣Ар╕Бр╕╡р╕вр╕Ир╕кр╕бр╕▒р╕Др╕гр╣Гр╕лр╕бр╣И",849,"#р╕Ир╕▒р╕Бр╕гр╕зр╕▓р╕ер╣Гр╕Хр╣Йр╕кр╕бр╕╕р╕Чр╕г #р╕Щр╕┤р╕вр╕▓р╕вр╕зр╕▓р╕в 
р╣Ар╕Ыр╣Зр╕Щр╕нр╕░р╣Др╕гр╕Чр╕╡р╣Ир╕ер╕╢р╕Бр╕Лр╕╢р╣Йр╕Зр╕бр╕▓р╕Б р╣Ар╕Ыр╕гр╕╡р╕вр╕Ър╣Ар╕Чр╕╡р╕вр╕Ър╣Др╕Фр╣Йр╕Кр╕▒р╕Фр╣Ар╕Ир╕Щр╕кр╕╕р╕Фр╣Ж

'р╕кр╕▒р╕Хр╕зр╣Мр╕Чр╕░р╣Ар╕ер╕Чр╕╡р╣Ир╣Гр╕Бр╕ер╣Йр╕кр╕╣р╕Нр╕Юр╕▒р╕Щр╕Шр╣М' 'р╕Ыр╕░р╕Бр╕▓р╕гр╕▒р╕З' р╕кр╕┤р╣Ир╕Зр╕бр╕╡р╕Кр╕╡р╕зр╕┤р╕Хр╣Гр╕Хр╣Йр╕Чр╕░р╣Ар╕ер╣Ар╕лр╕ер╣Ир╕▓р╕Щр╕╡р╣Йр╕Хр╣Йр╕нр╕Зр╕Бр╕▓р╕гр╕Бр╕▓р╕гр╕Фр╕╣р╣Бр╕е... р╕нр╕гр╕гр╕Ур╕Щр╕Юр╕нр╕вр╕▓р╕Бр╕Ыр╕Бр╕Ыр╣Йр╕нр╕Зр╕Фр╕╣р╣Бр╕ер╕ир╕ир╕┤р╕Щ = р╕Др╕Ър╕Бр╕▒р╕Щр╣Ар╕Ыр╣Зр╕Щр╣Бр╕Яр╕ЩЁЯШ│р╕Кр╕нр╕Ър╕Бр╕▓р╕гр╕Чр╕╡р╣Ир╣Ар╕нр╕▓р╕кр╕┤р╣Ир╕Зр╕Чр╕╡р╣Ир╕Хр╕▒р╕зр╣Ар╕нр╕Зр╕гр╕▒р╕Бр╕бр╕▓р╕Ър╕гр╕гр╕вр╕▓р╕вр╣Бр╕ер╕░р╕нр╕Шр╕┤р╕Ър╕▓р╕вр╕Др╕зр╕▓р╕бр╕гр╕╣р╣Йр╕кр╕╢р╕Бр╕Чр╕╡р╣Ир╕бр╕╡р╣Гр╕лр╣Йр╕Бр╕▒р╕Щр╕нр╣Ир╕▓ р╕лр╕зр╕▓р╕Щр╕бр╕▓р╕Бр╕Бр╕Бр╕Бр╕Б https://t.co/pXdSJLfv9a", /р╕Ир╕▒р╕Бр╕гр╕зр╕▓р╕ер╣Гр╕Хр╣Йр╕кр╕бр╕╕р╕Чр╕г/р╕Щр╕┤р╕вр╕▓р╕вр╕зр╕▓р╕в,2,2,Bozhan520530,"ф╕НхО╗ш┐ОхРИхИлф║║ц┤╗ цЙНф╝ЪшзЙх╛ЧцЬЙцДПцАЭуАВр╕кр╕▓р╕зр╕зр╕▓р╕вр╕кр╕▓р╕вр╕гр╕╡р╕нр╕вр╣Ир╕▓р╕Зр╕Ър╣Йр╕▓р╕Др╕ер╕▒р╣Ир╕З р╕кр╕Щр╕▒р╕Ър╕кр╕Щр╕╕р╕ЩLGBT+ ЁЯП│я╕ПтАНЁЯМИуАРр╕ер╕▒р╕Чр╕Шр╕┤р╕Ьр╕▒р╕зр╕кр╕▓р╕з р╣Ар╕бр╕░р╕лр╕Щр╣Йр╕▓р╕кр╕зр╕в р╣Ар╕Др╕░р╣Бр╕бр╕ЩуАС SPN, HP, MDZS, HxH, Allkagami #BJYX ЁЯРв #DmHp #Hannigram 7824 ЁЯУЪ"
6,55,2021-02-25 03:11:03,#р╕Ир╕▒р╕Бр╕гр╕зр╕▓р╕ер╣Гр╕Хр╣Йр╕кр╕бр╕╕р╕Чр╕г,parn_HouseGhost,"|TH/Eng| I'm House ghost, nice2meet ya! р╕кр╕Цр╕▓р╕Щр╕░:р╣Ар╕гр╣Ир╕гр╣Ир╕нр╕Щ р╕Бр╣Ир╕нр╕Щр╣Ар╕гр╕╡р╕вр╕Бр╕нр╕вр╣Ир╕▓р╕ер╕╖р╕бр╕Ир╕╕р╕Фр╕Шр╕╣р╕Ы! | Jujutsu | Genshin | FGOЁЯТвр╕гр╕╡р╕Чр╕зр╕┤р╕Хр╣Бр╕лр╕ер╕Бр╣Ар╕гр╕╖р╣Ир╕нр╕Зр╕Бр╕▓р╕гр╣Ар╕бр╕╖р╕нр╕З if don't like pls unfollow!",1346,#р╕Ир╕▒р╕Бр╕гр╕зр╕▓р╕ер╣Гр╕Хр╣Йр╕кр╕бр╕╕р╕Чр╕г #р╕Щр╕┤р╕вр╕▓р╕вр╕зр╕▓р╕в р╣Ар╕бр╕Жр╕Кр╕▒р╣Йр╕Щр╕Хр╣Ир╕│р╕Др╕┤р╕зр╕бр╕╣р╕ер╕▒р╕к р╕нр╕▓р╕Бр╕▓р╕ир╕Фр╕╡р╕бр╕╡р╣Бр╕Фр╕Фр╕Ир╕▒р╕Ф р╕кр╕▓р╕бр╕▓р╕гр╕Цр╕Бр╕ер╕▓р╕вр╕кр╕ар╕▓р╕Юр╣Ар╕Ыр╣Зр╕Щр╣Ар╕бр╕Жр╕Эр╕Щр╣Др╕Фр╣Й р╕кр╣Ир╕зр╕Щр╣Ар╕Лр╕нр╕гр╣Мр╣Вр╕гр╕Др╕┤р╕зр╕бр╕╣р╕ер╕▒р╕кр╣Ар╕Ыр╣Зр╕Щр╣Ар╕бр╕Жр╕Кр╕▒р╣Йр╕Щр╕кр╕╣р╕Зр╕Ир╕░р╕Юр╕Ър╣Ар╕зр╕ер╕▓р╕Чр╣Йр╕нр╕Зр╕Яр╣Йр╕▓р╣Вр╕Ыр╕гр╣Ир╕З 'р╕Чр╕╕р╕Бр╕кр╕гр╕гр╕Юр╕кр╕┤р╣Ир╕Зр╕бр╕╡р╕Бр╕▓р╕гр╣Ар╕Ыр╕ер╕╡р╣Ир╕вр╕Щр╣Бр╕Ыр╕ер╕З' р╕Бр╣Йр╕нр╕Щр╣Ар╕бр╕Жр╕Бр╣Зр╣Ар╕Кр╣Ир╕Щр╕Бр╕▒р╕Щ р╣Ар╕Ыр╕ер╕╡р╣Ир╕вр╕Щр╣Др╕Ыр╣Ар╕гр╕╖р╣Ир╕нр╕вр╣Ж р╕Кр╕нр╕Ър╕Бр╕▓р╕гр╕Юр╕╣р╕Фр╕Ыр╕ер╕нр╕Ър╣Вр╕вр╕Щр╕Щр╕╡р╣Йр╕бр╕▓р╕Б р╕нр╣Ир╕▓р╕Щр╣Бр╕ер╣Йр╕зр╕вр╕┤р╣Йр╕бр╣Ар╕ер╕вр╕нр╣Ир╕░ р╣Ар╕Фр╣Зр╕Бр╕кр╕▓р╕вр╕зр╕┤р╕Чр╕вр╣Мр╕нр╕вр╣Ир╕▓р╕Зр╣Ар╕гр╕▓р╕Др╕╖р╕нр╕Цр╕╣р╕Бр╣Гр╕ИЁЯТХ https://t.co/L1YKjS2Slm, /р╕Ир╕▒р╕Бр╕гр╕зр╕▓р╕ер╣Гр╕Хр╣Йр╕кр╕бр╕╕р╕Чр╕г/р╕Щр╕┤р╕вр╕▓р╕вр╕зр╕▓р╕в,2,3,Bozhan520530,"ф╕НхО╗ш┐ОхРИхИлф║║ц┤╗ цЙНф╝ЪшзЙх╛ЧцЬЙцДПцАЭуАВр╕кр╕▓р╕зр╕зр╕▓р╕вр╕кр╕▓р╕вр╕гр╕╡р╕нр╕вр╣Ир╕▓р╕Зр╕Ър╣Йр╕▓р╕Др╕ер╕▒р╣Ир╕З р╕кр╕Щр╕▒р╕Ър╕кр╕Щр╕╕р╕ЩLGBT+ ЁЯП│я╕ПтАНЁЯМИуАРр╕ер╕▒р╕Чр╕Шр╕┤р╕Ьр╕▒р╕зр╕кр╕▓р╕з р╣Ар╕бр╕░р╕лр╕Щр╣Йр╕▓р╕кр╕зр╕в р╣Ар╕Др╕░р╣Бр╕бр╕ЩуАС SPN, HP, MDZS, HxH, Allkagami #BJYX ЁЯРв #DmHp #Hannigram 7824 ЁЯУЪ"
7,65,2021-02-24 12:16:42,#р╕Ир╕▒р╕Бр╕гр╕зр╕▓р╕ер╣Гр╕Хр╣Йр╕кр╕бр╕╕р╕Чр╕г,sirindaO,"IGOT7,Lijinators,р╣Бр╕Яр╕Щр╕Щр╣Йр╕нр╕Зр╣Ар╕Юр╕╡р╕вр╕з,р╕Хр╕┤р╣Ир╕ЗMCU(р╕бр╕▓р╕гр╣Мр╣Ар╕зр╕е),р╕нр╕Щр╕┤р╣Ар╕бр╕░,р╕Вр╕▓р╕вр╕Вр╕нр╕Зр╣Гр╕Щ @cartoonsales22
р╕гр╕╡р╕зр╕┤р╕зр╕Вр╕нр╕Зр╣Гр╕Щ #р╕гр╕╡р╕зр╕┤р╕зр╣Гр╕лр╣Йр╕Др╕╕р╕У95 р╕гр╕╡р╕зр╕┤р╕зр╕лр╕Щр╕▒р╕Зр╕кр╕╖р╕н #р╕Юр╕ер╕нр╕вр╕нр╣Ир╕▓р╕Щр╣Бр╕ер╣Йр╕з",274,"""р╕Др╕Щр╕лр╕Щр╕╢р╣Ир╕Зр╕лр╕ер╕Зр╣Гр╕лр╕ер╣Гр╕Щр╕Ир╕▒р╕Бр╕гр╕зр╕▓р╕е р╕нр╕╡р╕Бр╕Др╕Щр╕Др╕ер╕▒р╣Ир╕Зр╣Др╕Др╕ер╣Йр╣Вр╕ер╕Бр╣Гр╕Хр╣Йр╕бр╕лр╕▓р╕кр╕бр╕╕р╕Чр╕г""
.
тАФ Stellar Marine #р╕Ир╕▒р╕Бр╕гр╕зр╕▓р╕ер╣Гр╕Хр╣Йр╕кр╕бр╕╕р╕Чр╕г by Raccool
Genre: р╕Щр╕┤р╕вр╕▓р╕вр╕гр╕▒р╕Б/LGBTQ+
.
345р╕┐ р╕бр╕╡р╕кр╕Хр╣Зр╕нр╕Бр╕Юр╕гр╣Йр╕нр╕бр╕кр╣Ир╕З р╣Бр╕нр╕Фр╣Др╕ер╕Щр╣Мр╕Чр╕╡р╣Ир╕ер╕┤р╕Зр╕Др╣Мр╣Ар╕ер╕вр╕Щр╣Йр╕▓ https://t.co/tgt6un51lP https://t.co/5eGIyQiEEe", /р╕Ир╕▒р╕Бр╕гр╕зр╕▓р╕ер╣Гр╕Хр╣Йр╕кр╕бр╕╕р╕Чр╕г,59,34,Lunaspacestore,"""Lunaspace: a place where arts sprout."" | р╕Фр╕╣р╕гр╕╡р╕зр╕┤р╕зр╕Чр╕╡р╣И #LunaspaceReview | р╕кр╕▒р╣Ир╕Зр╕Лр╕╖р╣Йр╕нр╕лр╕Щр╕▒р╕Зр╕кр╕╖р╕н/р╕ир╕┤р╕ер╕Ыр╕┤р╕Щр╕Хр╕┤р╕Фр╕Хр╣Ир╕нр╕зр╕▓р╕Зр╕Ир╕│р╕лр╕Щр╣Ир╕▓р╕вр╕Ьр╕ер╕Зр╕▓р╕Щ р╣Бр╕нр╕Фр╣Др╕ер╕Щр╣Мр╕Хр╕гр╕Зр╕ер╕┤р╕Зр╕Др╣Мр╣Др╕Фр╣Йр╣Ар╕ер╕вр╕Др╣Ир╕░"
8,83,2021-02-24 01:38:23,#р╕Ир╕▒р╕Бр╕гр╕зр╕▓р╕ер╣Гр╕Хр╣Йр╕кр╕бр╕╕р╕Чр╕г,Bozhan520530,"ф╕НхО╗ш┐ОхРИхИлф║║ц┤╗ цЙНф╝ЪшзЙх╛ЧцЬЙцДПцАЭуАВр╕кр╕▓р╕зр╕зр╕▓р╕вр╕кр╕▓р╕вр╕гр╕╡р╕нр╕вр╣Ир╕▓р╕Зр╕Ър╣Йр╕▓р╕Др╕ер╕▒р╣Ир╕З р╕кр╕Щр╕▒р╕Ър╕кр╕Щр╕╕р╕ЩLGBT+ ЁЯП│я╕ПтАНЁЯМИуАРр╕ер╕▒р╕Чр╕Шр╕┤р╕Ьр╕▒р╕зр╕кр╕▓р╕з р╣Ар╕бр╕░р╕лр╕Щр╣Йр╕▓р╕кр╕зр╕в р╣Ар╕Др╕░р╣Бр╕бр╕ЩуАС SPN, HP, MDZS, HxH, Allkagami #BJYX ЁЯРв #DmHp #Hannigram 7824 ЁЯУЪ",53,"р╕Др╕Щр╕лр╕Щр╕╢р╣Ир╕Зр╕Др╕ер╕▒р╣Ир╕Зр╣Др╕Др╕ер╣Йр╣Гр╕Щр╕нр╕зр╕Бр╕▓р╕и р╕нр╕╡р╕Бр╕Др╕Щр╕лр╕ер╕Зр╣Др╕лр╕ер╣Гр╕Щр╣Вр╕ер╕Бр╣Гр╕Хр╣Йр╕кр╕бр╕╕р╕Чр╕г
.
 р╣Ар╕бр╕╖р╣Ир╕н 'р╕нр╕гр╕гр╕Ур╕Ю' р╣Бр╕ер╕░ 'р╕ир╕ир╕┤р╕Щ' р╕кр╕нр╕Зр╕лр╕Щр╕╕р╣Ир╕бр╕Ьр╕╣р╣Йр╕Кр╕╖р╣Ир╕Щр╕Кр╕нр╕Ър╣Гр╕Щр╕кр╕нр╕Зр╕ир╕▓р╕кр╕Хр╕гр╣Мр╣Др╕Фр╣Йр╕бр╕▓р╕Юр╕Ър╣Ар╕Ир╕нр╕Бр╕▒р╕Щ р╣Ар╕гр╕┤р╣Ир╕бр╕Ир╕▓р╕Бр╕кр╕┤р╣Ир╕Зр╣Ар╕ер╣Зр╕Б р╣Ж р╕нр╕вр╣Ир╕▓р╕Зр╕Бр╕▓р╕гр╕Юр╕╣р╕Фр╕Др╕╕р╕вр╣Бр╕ер╕Бр╣Ар╕Ыр╕ер╕╡р╣Ир╕вр╕Щр╕кр╕┤р╣Ир╕Зр╕Хр╣Ир╕▓р╕З р╣Ж р╕Бр╣Ир╕нр╣Ар╕Бр╕┤р╕Фр╣Ар╕Ыр╣Зр╕Щр╣Ар╕гр╕╖р╣Ир╕нр╕Зр╕гр╕▓р╕зр╕Др╕зр╕▓р╕бр╕гр╕▒р╕Бр╕нр╕▒р╕Щр╕кр╕зр╕вр╕Зр╕▓р╕б р╣Гр╕лр╣Йр╕Ир╕▒р╕Бр╕гр╕зр╕▓р╕ер╣Бр╕ер╕░р╕бр╕лр╕▓р╕кр╕╕р╕Чр╕гр╣Др╕Фр╣Йр╕бр╕▓р╕Ър╕гр╕гр╕Ир╕Ър╕Бр╕▒р╕Щ
.
#р╕Ир╕▒р╕Бр╕гр╕зр╕▓р╕ер╣Гр╕Хр╣Йр╕кр╕бр╕╕р╕Чр╕г р╕Юр╕гр╣Йр╕нр╕бр╕кр╣Ир╕Зр╕Щр╕░р╕Др╕░ ЁЯе░ https://t.co/PchZmNGhze", ,32,26,Lunaspacestore,"""Lunaspace: a place where arts sprout."" | р╕Фр╕╣р╕гр╕╡р╕зр╕┤р╕зр╕Чр╕╡р╣И #LunaspaceReview | р╕кр╕▒р╣Ир╕Зр╕Лр╕╖р╣Йр╕нр╕лр╕Щр╕▒р╕Зр╕кр╕╖р╕н/р╕ир╕┤р╕ер╕Ыр╕┤р╕Щр╕Хр╕┤р╕Фр╕Хр╣Ир╕нр╕зр╕▓р╕Зр╕Ир╕│р╕лр╕Щр╣Ир╕▓р╕вр╕Ьр╕ер╕Зр╕▓р╕Щ р╣Бр╕нр╕Фр╣Др╕ер╕Щр╣Мр╕Хр╕гр╕Зр╕ер╕┤р╕Зр╕Др╣Мр╣Др╕Фр╣Йр╣Ар╕ер╕вр╕Др╣Ир╕░"
9,84,2021-02-24 01:38:13,#р╕Ир╕▒р╕Бр╕гр╕зр╕▓р╕ер╣Гр╕Хр╣Йр╕кр╕бр╕╕р╕Чр╕г,Bozhan520530,"ф╕НхО╗ш┐ОхРИхИлф║║ц┤╗ цЙНф╝ЪшзЙх╛ЧцЬЙцДПцАЭуАВр╕кр╕▓р╕зр╕зр╕▓р╕вр╕кр╕▓р╕вр╕гр╕╡р╕нр╕вр╣Ир╕▓р╕Зр╕Ър╣Йр╕▓р╕Др╕ер╕▒р╣Ир╕З р╕кр╕Щр╕▒р╕Ър╕кр╕Щр╕╕р╕ЩLGBT+ ЁЯП│я╕ПтАНЁЯМИуАРр╕ер╕▒р╕Чр╕Шр╕┤р╕Ьр╕▒р╕зр╕кр╕▓р╕з р╣Ар╕бр╕░р╕лр╕Щр╣Йр╕▓р╕кр╕зр╕в р╣Ар╕Др╕░р╣Бр╕бр╕ЩуАС SPN, HP, MDZS, HxH, Allkagami #BJYX ЁЯРв #DmHp #Hannigram 7824 ЁЯУЪ",53,"""р╕Чр╣Ир╕▓р╕бр╕Бр╕ер╕▓р╕Зр╕Бр╕ер╕┤р╣Ир╕Щр╕Вр╕нр╕Зр╕лр╕Щр╕▒р╕Зр╕кр╕╖р╕н р╕Хр╕▓р╕бр╕Лр╕нр╕Бр╕Кр╕▒р╣Йр╕Щр╕лр╕Щр╕▒р╕Зр╕кр╕╖р╕нр╣Ар╕зр╕┤р╣Йр╕Зр╕зр╣Йр╕▓р╕Зр╣Др╕гр╣Йр╕Ьр╕╣р╣Йр╕Др╕Щр╣Ар╕Фр╕┤р╕Щр╕Ьр╣Ир╕▓р╕Щ р╕лр╕▒р╕зр╣Гр╕Ир╕кр╕нр╕Зр╕Фр╕зр╕Зр╣Ар╕Хр╣Йр╕Щр╣Бр╕гр╕З р╕кр╕▒р╣Ир╕Щр╕гр╕░р╕гр╕▒р╕з
.
р╕нр╕гр╕гр╕Ур╕Юр╕Чр╕╡р╣Ир╣Бр╕Ыр╕ер╕зр╣Ир╕▓р╕Ьр╕╖р╕Щр╕Щр╣Йр╕│ р╕ир╕ир╕┤р╕Щр╕Чр╕╡р╣Ир╣Бр╕Ыр╕ер╕зр╣Ир╕▓р╕Фр╕зр╕Зр╕Ир╕▒р╕Щр╕Чр╕гр╣М...р╣Гр╕Щр╕Хр╕нр╕Щр╕Щр╕╡р╣Йр╕Щр╣Йр╕│р╕Чр╕░р╣Ар╕ер╕Др╕Зр╕Бр╕│р╕ер╕▒р╕Зр╣Др╕Хр╣Ир╕гр╕░р╕Фр╕▒р╕Ър╕кр╕╣р╕Зр╕Вр╕╢р╣Йр╕Щр╣Ар╕гр╕╖р╣Ир╕нр╕вр╣Ж р╣Ар╕Юр╕╖р╣Ир╕нр╕Юр╕вр╕▓р╕вр╕▓р╕бр╣Бр╕Хр╕░р╕Фр╕зр╕Зр╕Ир╕▒р╕Щр╕Чр╕гр╣М
р╕гр╕░р╕Фр╕▒р╕Ър╕Щр╣Йр╕│р╣Гр╕Щр╕Хр╕нр╕Щр╕Щр╕╡р╣Й..р╕Чр╣Ир╕зр╕бр╣Ар╕бр╕Жр╣Бр╕ер╣Йр╕з""
.
#р╕Ир╕▒р╕Бр╕гр╕зр╕▓р╕ер╣Гр╕Хр╣Йр╕кр╕бр╕╕р╕Чр╕г 
ЁЯУ╖ @Wolfkipedia https://t.co/ve6HNMn2ew", ,26,18,Lunaspacestore,"""Lunaspace: a place where arts sprout."" | р╕Фр╕╣р╕гр╕╡р╕зр╕┤р╕зр╕Чр╕╡р╣И #LunaspaceReview | р╕кр╕▒р╣Ир╕Зр╕Лр╕╖р╣Йр╕нр╕лр╕Щр╕▒р╕Зр╕кр╕╖р╕н/р╕ир╕┤р╕ер╕Ыр╕┤р╕Щр╕Хр╕┤р╕Фр╕Хр╣Ир╕нр╕зр╕▓р╕Зр╕Ир╕│р╕лр╕Щр╣Ир╕▓р╕вр╕Ьр╕ер╕Зр╕▓р╕Щ р╣Бр╕нр╕Фр╣Др╕ер╕Щр╣Мр╕Хр╕гр╕Зр╕ер╕┤р╕Зр╕Др╣Мр╣Др╕Фр╣Йр╣Ар╕ер╕вр╕Др╣Ир╕░"
10,106,2021-02-21 16:55:02,#р╕Ир╕▒р╕Бр╕гр╕зр╕▓р╕ер╣Гр╕Хр╣Йр╕кр╕бр╕╕р╕Чр╕г,Aka7059,"MONSTA X // EXO // VIXX // WANNA ONE // JBJЁЯССтЩОя╕ПЁЯС║р╕нр╕▓р╣Ар╕Йр╕┤р╕Зр╕Хр╣Йр╕▓р╕зр╕Щр╣Йр╕нр╕вр╕Вр╕нр╕Зр╕Юр╕╡р╣И!!!!
р╕Бр╕│р╕ер╕▒р╕Зр╕Юр╕вр╕▓р╕вр╕▓р╕бр╕Бр╕ер╕▒р╕Ър╕бр╕▓р╕зр╕▓р╕Фр╕гр╕╣р╕Ыр╕нр╕╡р╕Бр╕Др╕гр╕▒р╣Йр╕ЗЁЯШ╣",62,"NEW ARRIVALЁЯМЩ
.
Stellar Marine #р╕Ир╕▒р╕Бр╕гр╕зр╕▓р╕ер╣Гр╕Хр╣Йр╕кр╕бр╕╕р╕Чр╕г
Story: Raccool
Illust: Shissosoka
Genre: р╕Щр╕┤р╕вр╕▓р╕вр╕гр╕▒р╕Б/LGBTQ+
.
345р╕┐ р╕кр╕Хр╣Зр╕нр╕Бр╕Юр╕гр╣Йр╕нр╕бр╕кр╣Ир╕Зр╕Др╣Ир╕▓ https://t.co/vsKyKsrIeT", /р╕Ир╕▒р╕Бр╕гр╕зр╕▓р╕ер╣Гр╕Хр╣Йр╕кр╕бр╕╕р╕Чр╕г,66,56,Lunaspacestore,"""Lunaspace: a place where arts sprout."" | р╕Фр╕╣р╕гр╕╡р╕зр╕┤р╕зр╕Чр╕╡р╣И #LunaspaceReview | р╕кр╕▒р╣Ир╕Зр╕Лр╕╖р╣Йр╕нр╕лр╕Щр╕▒р╕Зр╕кр╕╖р╕н/р╕ир╕┤р╕ер╕Ыр╕┤р╕Щр╕Хр╕┤р╕Фр╕Хр╣Ир╕нр╕зр╕▓р╕Зр╕Ир╕│р╕лр╕Щр╣Ир╕▓р╕вр╕Ьр╕ер╕Зр╕▓р╕Щ р╣Бр╕нр╕Фр╣Др╕ер╕Щр╣Мр╕Хр╕гр╕Зр╕ер╕┤р╕Зр╕Др╣Мр╣Др╕Фр╣Йр╣Ар╕ер╕вр╕Др╣Ир╕░"
11,128,2021-02-21 03:58:06,#р╕Ир╕▒р╕Бр╕гр╕зр╕▓р╕ер╣Гр╕Хр╣Йр╕кр╕бр╕╕р╕Чр╕г,FlyOnlyFah,20+ | Studio Ghibli | ЁЯР░р╕зр╕▒р╣Ир╕Зр╣Ар╕Лр╕╡р╕вр╕ЩЁЯРЗ | цо║уВКуВУЁЯМЩЁЯСШ р╣Ар╕кр╣Зр╕Хр╕гр╕┤р╕Щ,15,"#writerxfictions2020
р╕гр╕зр╕Ър╕гр╕зр╕бр╕Щр╕┤р╕вр╕▓р╕вр╕Чр╕╡р╣Ир╕нр╕нр╕Бр╣Гр╕Щр╕Ыр╕╡р╕Щр╕╡р╣Йр╕Др╣Ир╕░ р╕бр╕╡р╕Чр╕▒р╣Йр╕Зр╕Чр╕╡р╣Ир╣Ар╕Вр╕╡р╕вр╕Щр╕Ир╕Ър╣Гр╕Щр╕Ыр╕╡р╣Бр╕ер╕░р╕Бр╕┤р╕Щр╕Ър╕╕р╕Нр╣Ар╕Бр╣Ир╕▓р╕бр╕▓ ЁЯдг

ARCHiTONG #р╕Цр╕▓р╕бр╕нр╕▓р╕гр╣Мр╕Др╕Фр╕┤р╕Хр╕нр╕З- р╣Ар╕Вр╕╡р╕вр╕Щр╕Ыр╕╡р╕Чр╕╡р╣Ир╣Бр╕ер╣Йр╕з р╕нр╕нр╕Бр╣Ар╕ер╣Ир╕бр╕Хр╣Йр╕Щр╕Ыр╕╡р╕Щр╕╡р╣Й
StellarMarine #р╕Ир╕▒р╕Бр╕гр╕зр╕▓р╕ер╣Гр╕Хр╣Йр╕кр╕бр╕╕р╕Чр╕г-р╣Ар╕Вр╕╡р╕вр╕Щр╕Щр╕▓р╕Щр╕ер╕░ р╣Ар╕Юр╕┤р╣Ир╕Зр╣Др╕Фр╣Йр╕нр╕нр╕Бр╣Ар╕ер╣Ир╕бр╕Хр╣Йр╕Щр╕Ыр╕╡
Go to hell,Hades #р╕лр╕бр╕▓р╕вр╕Ир╕▒р╕Ър╕ор╕▓р╣Ар╕Фр╕к-р╣Ар╕Вр╕╡р╕вр╕Щ/р╕нр╕нр╕Бр╣Ар╕ер╣Ир╕бр╕Ыр╕╡р╕Щр╕╡р╣Й https://t.co/57uDvkS89c", /writerxfictions2020/р╕Цр╕▓р╕бр╕нр╕▓р╕гр╣Мр╕Др╕Фр╕┤р╕Хр╕нр╕З,77,62,Raccooll,р╕Фр╕╣р╕Щр╕┤р╕вр╕▓р╕вр╣Гр╕Щ ЁЯУН
12,130,2021-02-21 03:53:55,#р╕Ир╕▒р╕Бр╕гр╕зр╕▓р╕ер╣Гр╕Хр╣Йр╕кр╕бр╕╕р╕Чр╕г,AutoMe15,U,2,"р╕гр╕зр╕бр╕Щр╕┤р╕вр╕▓р╕вр╕Вр╕нр╕Зр╣Бр╕гр╕Др╕Др╕╣р╕еЁЯжЭ
ЁЯСЯMaybe I'll...try? - р╣Ар╕ер╣Ир╕Щр╕Вр╕нр╕Зр╕кр╕╣р╕З
тШАя╕ПDear Sunshine - р╕зр╕▓р╕Фр╕Хр╕░р╕зр╕▒р╕Щ
ЁЯР▒Mr.Grey #р╕Др╕╕р╕Ур╣Ар╕Бр╕гр╕вр╣М
ЁЯТдWake me up #р╕гр╕╡р╕Ър╕Хр╕╖р╣Ир╕Щ
ЁЯРСOnce upon a lie #р╕Ър╕▒р╕Щр╕Чр╕╢р╕Бр╣Ар╕Фр╣Зр╕Бр╣Ар╕ер╕╡р╣Йр╕вр╕Зр╣Бр╕Бр╕░
ЁЯМЦInto the moonlight #р╕Ур╕Юр╕гр╕░р╕Ир╕▒р╕Щр╕Чр╕гр╣М
тШОя╕ПTelephone #call123456
ЁЯМзя╕ПDirty Dew #р╕Щр╣Йр╕│р╕Др╣Йр╕▓р╕Зр╕Яр╣Йр╕▓р╕Вр╕╕р╣Ир╕Щ
тЬиStellarMarine #р╕Ир╕▒р╕Бр╕гр╕зр╕▓р╕ер╣Гр╕Хр╣Йр╕кр╕бр╕╕р╕Чр╕г", /р╕Др╕╕р╕Ур╣Ар╕Бр╕гр╕вр╣М/р╕гр╕╡р╕Ър╕Хр╕╖р╣Ир╕Щ,338,370,Raccooll,р╕Фр╕╣р╕Щр╕┤р╕вр╕▓р╕вр╣Гр╕Щ ЁЯУН
13,138,2021-02-20 16:15:31,#р╕Ир╕▒р╕Бр╕гр╕зр╕▓р╕ер╣Гр╕Хр╣Йр╕кр╕бр╕╕р╕Чр╕г,dydomaz,"no no art

dcst AllЁЯРЙ | ЁЯжБЁЯЪА |  kny allЁЯФе

U can ask me anything draw ,life or for encouragement I'm OK ЁЯШК 

| https://t.co/TqQpDN741WтАж",657,"""р╕Др╕Щр╕лр╕Щр╕╢р╣Ир╕Зр╕лр╕ер╕Зр╣Гр╕лр╕ер╣Гр╕Щр╕Ир╕▒р╕Бр╕гр╕зр╕▓р╕е
р╕нр╕╡р╕Бр╕Др╕Щр╕Др╕ер╕▒р╣Ир╕Зр╣Др╕Др╕ер╣Йр╣Вр╕ер╕Бр╣Гр╕Хр╣Йр╕бр╕лр╕▓р╕кр╕бр╕╕р╕Чр╕г""

тнРStellarMarine ЁЯМК #р╕Ир╕▒р╕Бр╕гр╕зр╕▓р╕ер╣Гр╕Хр╣Йр╕кр╕бр╕╕р╕Чр╕г р╣Вр╕Фр╕в @Raccooll р╕бр╕▓р╣Ар╕Хр╕┤р╕бр╕кр╕Хр╕нр╕Др╣Бр╕ер╣Йр╕зр╕Щр╣Йр╕▓ 

ЁЯП╖ https://t.co/Q5yGbg1Od2 https://t.co/LhepMvQk0O", /р╕Ир╕▒р╕Бр╕гр╕зр╕▓р╕ер╣Гр╕Хр╣Йр╕кр╕бр╕╕р╕Чр╕г,12,8,Homuinth Raccooll,"""Lunaspace: a place where arts sprout."" | р╕Фр╕╣р╕гр╕╡р╕зр╕┤р╕зр╕Чр╕╡р╣И #LunaspaceReview | р╕кр╕▒р╣Ир╕Зр╕Лр╕╖р╣Йр╕нр╕лр╕Щр╕▒р╕Зр╕кр╕╖р╕н/р╕ир╕┤р╕ер╕Ыр╕┤р╕Щр╕Хр╕┤р╕Фр╕Хр╣Ир╕нр╕зр╕▓р╕Зр╕Ир╕│р╕лр╕Щр╣Ир╕▓р╕вр╕Ьр╕ер╕Зр╕▓р╕Щ р╣Бр╕нр╕Фр╣Др╕ер╕Щр╣Мр╕Хр╕гр╕Зр╕ер╕┤р╕Зр╕Др╣Мр╣Др╕Фр╣Йр╣Ар╕ер╕вр╕Др╣Ир╕░"
14,147,2021-02-20 04:38:47,#р╕Ир╕▒р╕Бр╕гр╕зр╕▓р╕ер╣Гр╕Хр╣Йр╕кр╕бр╕╕р╕Чр╕г,monkey_dolly,ЁЯЦдSJтАвEXOтАвScrubbЁЯТЩ,412,"р╣Бр╕Ир╣Йр╕З re-print #р╕Ир╕▒р╕Бр╕гр╕зр╕▓р╕ер╣Гр╕Хр╣Йр╕кр╕бр╕╕р╕Чр╕г р╕Др╣Ир╕░
р╕Юр╕┤р╕бр╕Юр╣Мр╕гр╕нр╕Ър╕Щр╕╡р╣Йр╣Ар╕гр╕▓р╣Ар╕Ыр╕ер╕╡р╣Ир╕вр╕Щр╕Бр╕гр╕░р╕Фр╕▓р╕йр╕Ыр╕Бр╕Ир╕▓р╕Бр╕гр╕▒р╕Др╕Хр╕┤р╕Др╕▒р╕к р╣Ар╕Ыр╣Зр╕Щ Toccata р╕Щр╕░р╕Др╕░ р╣Ар╕Щр╕╖р╣Ир╕нр╕Зр╕Ир╕▓р╕Бр╕бр╕╡р╕Ыр╕▒р╕Нр╕лр╕▓р╣Гр╕Щр╕Бр╕▓р╕гр╕Юр╕┤р╕бр╕Юр╣Мр╕Щр╕┤р╕Фр╕лр╕Щр╣Ир╕нр╕в р╕Чр╕▓р╕Зр╣Вр╕гр╕Зр╕Юр╕┤р╕бр╕Юр╣Мр╕Ир╕╢р╕Зр╣Др╕бр╣Ир╣Бр╕Щр╕░р╕Щр╕│р╕Др╣Ир╕░ 
р╕Фр╕▒р╕Зр╕Щр╕▒р╣Йр╕Щр╕кр╕│р╕лр╕гр╕▒р╕Ър╕Др╕Щр╕Чр╕╡р╣Ир╕Лр╕╖р╣Йр╕нр╕гр╕нр╕Ър╕Щр╕╡р╣Йр╕Ир╕░р╣Др╕Фр╣Йр╕Ыр╕Бр╣Др╕бр╣Ир╣Ар╕лр╕бр╕╖р╕нр╕Щр╕Юр╕┤р╕бр╕Юр╣Мр╕гр╕нр╕Ър╣Бр╕гр╕Бр╕Щр╕░р╕Др╕░ (р╣Ар╕ер╕вр╣Гр╕лр╣Йр╕гр╕нр╕Ър╣Бр╕гр╕Бр╣Ар╕Ыр╣Зр╕Щр╕ер╕┤р╕бр╕┤р╣Ар╕Хр╕ФтАФ) р╣Бр╕Хр╣Ир╕Ыр╕Бр╣Ар╕Чр╣Зр╕Бр╣Ар╕Ир╕нр╕гр╣Мр╕Щр╕╕р╣Ир╕б р╕Фр╕╡р╣Др╕бр╣Ир╣Бр╕Юр╣Йр╕Бр╕▒р╕Щр╣Ар╕ер╕вр╕вр╕в https://t.co/E4cbgiIOQc", /р╕Ир╕▒р╕Бр╕гр╕зр╕▓р╕ер╣Гр╕Хр╣Йр╕кр╕бр╕╕р╕Чр╕г,75,51,Raccooll,р╕Фр╕╣р╕Щр╕┤р╕вр╕▓р╕вр╣Гр╕Щ ЁЯУН
15,153,2021-02-19 17:14:58,#р╕Ир╕▒р╕Бр╕гр╕зр╕▓р╕ер╣Гр╕Хр╣Йр╕кр╕бр╕╕р╕Чр╕г,maryposa9785,р╕нр╕вр╣Ир╕▓р╕Яр╕нр╕ер╣Ар╕Фр╣Йр╕н,1,"#р╕Ир╕▒р╕Бр╕гр╕зр╕▓р╕ер╣Гр╕Хр╣Йр╕кр╕бр╕╕р╕Чр╕г
р╕Яр╕╡р╕ер╕Бр╕╣р╣Кр╕Ф р╕бр╕лр╕▓р╕ер╕▒р╕в/р╕зр╕▒р╕вр╕Чр╕│р╕Зр╕▓р╕Щ р╕Др╕╣р╣Ир╣Ар╕Щр╕┤р╕гр╣Мр╕Ф

р╣Гр╕лр╣Й 9/10

р╣Ар╕Ыр╣Зр╕Щр╕Щр╕┤р╕вр╕▓р╕вр╕Чр╕╡р╣Ир╣Ар╕Щр╕┤р╕Ър╕Щр╕▓р╕Ър╣Бр╕Хр╣Ир╕Щр╣Ир╕▓р╕гр╕▒р╕Бр╕Ир╕┤р╕Бр╕лр╕бр╕нр╕Щр╕Чр╕╕р╕Бр╕Хр╕нр╕Щ

#р╣Бр╕Щр╕░р╕Щр╕│р╕Щр╕┤р╕вр╕▓р╕вр╕зр╕▓р╕в #р╕Щр╕┤р╕вр╕▓р╕вр╕зр╕▓р╕в #р╣Бр╕Щр╕░р╕Щр╕│р╕зр╕▓р╕вр╣Др╕Чр╕в 

https://t.co/3ejP2Mlj7I https://t.co/tVbmNaIEBS", /р╕Ир╕▒р╕Бр╕гр╕зр╕▓р╕ер╣Гр╕Хр╣Йр╕кр╕бр╕╕р╕Чр╕г/р╣Бр╕Щр╕░р╕Щр╕│р╕Щр╕┤р╕вр╕▓р╕вр╕зр╕▓р╕в,612,662,viva_why,"р╕гр╕╡р╕зр╕┤р╕зр╕Щр╕┤р╕вр╕▓р╕вр╕зр╕▓р╕в+р╕гр╕зр╕бр╕Щр╕┤р╕вр╕▓р╕вр╕зр╕▓р╕вр╕Чр╕╡р╣Ир╣Ар╕Др╕вр╕нр╣Ир╕▓р╕Щ
р╕кр╕▓р╕вр╕Яр╕╡р╕ер╕Бр╕╣р╣Кр╕Ф/р╕Фр╕гр╕▓р╕бр╣Ир╕▓р╕Ър╕╡р╕Ър╕Др╕▒р╣Йр╕Щр╕лр╕▒р╕зр╣Гр╕И"
16,166,2021-02-18 12:55:50,#р╕Ир╕▒р╕Бр╕гр╕зр╕▓р╕ер╣Гр╕Хр╣Йр╕кр╕бр╕╕р╕Чр╕г,Raccooll,р╕Фр╕╣р╕Щр╕┤р╕вр╕▓р╕вр╣Гр╕Щ ЁЯУН,8640,"#р╕Кр╕▒р╣Йр╕Щр╕лр╕Щр╕▒р╕Зр╕кр╕╖р╕нр╣Бр╕Цр╕зр╕Чр╕╡р╣Ир╕кр╕нр╕З

StellarMarine 
#р╕Ир╕▒р╕Бр╕гр╕зр╕▓р╕ер╣Гр╕Хр╣Йр╕кр╕бр╕╕р╕Чр╕г 

... RaccoolтАЛ ... 

р╕нр╕гр╕гр╕Ур╕ЮтАЛ &amp; р╕ир╕ир╕┤р╕Щ

https://t.co/l0V5Z2ZYHE", /р╕Кр╕▒р╣Йр╕Щр╕лр╕Щр╕▒р╕Зр╕кр╕╖р╕нр╣Бр╕Цр╕зр╕Чр╕╡р╣Ир╕кр╕нр╕З/р╕Ир╕▒р╕Бр╕гр╕зр╕▓р╕ер╣Гр╕Хр╣Йр╕кр╕бр╕╕р╕Чр╕г,3,3,you_sk_you,р╕Ыр╕гр╕▓р╕гр╕Цр╕Щр╕▓р╕Чр╕╡р╣Ир╕Ир╕░р╣Ар╕лр╣Зр╕Щр╣Ар╕Шр╕нр╕бр╕╡р╕Др╕зр╕▓р╕бр╕кр╕╕р╕Вр╣Бр╕ер╕░р╕бр╕╡р╣Бр╕Хр╣Ир╕гр╕нр╕вр╕вр╕┤р╣Йр╕бр╣Гр╕Щр╕Чр╕╕р╕Бр╣Жр╕зр╕▒р╕ЩтАЛ  -╦Л╦П р╝╗Kр╝║ ╦О╦К-
17,0,2021-02-06 03:00:51,#р╕Ир╕▒р╕Бр╕гр╕зр╕▓р╕ер╣Гр╕Хр╣Йр╕кр╕бр╕╕р╕Чр╕г,annJIda,"ЁЯМХЁЯМП ||| , р╕Др╕┤р╕Фр╕Цр╕╢р╕Зр╕бр╕╣р╕бр╕╣р╣И ъТ░ЁЯОДЁЯжМЁЯЫ╖ЁЯЫ╝ъТ▒ЁУВГ╦Ъ",1554,"р╕Зр╣Ир╕зр╕Зр╕Бр╣Зр╕Хр╣Йр╕нр╕Зр╕Чр╕│р╕Зр╕▓р╕Щр╕Щр╕░

StellarMarine #р╕Ир╕▒р╕Бр╕гр╕зр╕▓р╕ер╣Гр╕Хр╣Йр╕кр╕бр╕╕р╕Чр╕г р╕бр╕╡р╣Ар╕ер╣Ир╕бр╕бр╕▓р╣Ар╕Юр╕┤р╣Ир╕бр╣Бр╕ер╣Йр╕зр╕Щр╕░р╕Др╕░ ЁЯТЩ

ЁЯМК https://t.co/myI1uqxcQa https://t.co/FGePOkblfo https://t.co/Qexg2oQqoH", /р╕Ир╕▒р╕Бр╕гр╕зр╕▓р╕ер╣Гр╕Хр╣Йр╕кр╕бр╕╕р╕Чр╕г,57,42,Raccooll,р╕Фр╕╣р╕Щр╕┤р╕вр╕▓р╕вр╣Гр╕Щ ЁЯУН
18,1,2021-02-05 16:39:55,#р╕Ир╕▒р╕Бр╕гр╕зр╕▓р╕ер╣Гр╕Хр╣Йр╕кр╕бр╕╕р╕Чр╕г,ISpirit_Lian,р╕Щр╕бр╕▒р╕кр╕Бр╕▓р╕гр╕кр╕╕р╕Фр╕Чр╣Йр╕▓р╕вр╣Бр╕Фр╣Ир╕зр╕▒р╕вр╣Ар╕Фр╣Зр╕Бр╕Чр╕╡р╣Ир╕гр╣Ир╕зр╕Зр╣Вр╕гр╕в | Child of many dragons | Multifandom | KureGure Eruri SukuFushi | Dreamcatcher | pls check TL before follow | TH/EN,528,"р╕гр╕зр╕бр╕Щр╕┤р╕вр╕▓р╕вр╕Вр╕нр╕Зр╣Бр╕гр╕Др╕Др╕╣р╕еЁЯжЭ
ЁЯСЯMaybe I'll...try? - р╣Ар╕ер╣Ир╕Щр╕Вр╕нр╕Зр╕кр╕╣р╕З
тШАя╕ПDear Sunshine - р╕зр╕▓р╕Фр╕Хр╕░р╕зр╕▒р╕Щ
ЁЯР▒Mr.Grey #р╕Др╕╕р╕Ур╣Ар╕Бр╕гр╕вр╣М
ЁЯТдWake me up #р╕гр╕╡р╕Ър╕Хр╕╖р╣Ир╕Щ
ЁЯРСOnce upon a lie #р╕Ър╕▒р╕Щр╕Чр╕╢р╕Бр╣Ар╕Фр╣Зр╕Бр╣Ар╕ер╕╡р╣Йр╕вр╕Зр╣Бр╕Бр╕░
ЁЯМЦInto the moonlight #р╕Ур╕Юр╕гр╕░р╕Ир╕▒р╕Щр╕Чр╕гр╣М
тШОя╕ПTelephone #call123456
ЁЯМзя╕ПDirty Dew #р╕Щр╣Йр╕│р╕Др╣Йр╕▓р╕Зр╕Яр╣Йр╕▓р╕Вр╕╕р╣Ир╕Щ
тЬиStellarMarine #р╕Ир╕▒р╕Бр╕гр╕зр╕▓р╕ер╣Гр╕Хр╣Йр╕кр╕бр╕╕р╕Чр╕г", /р╕Др╕╕р╕Ур╣Ар╕Бр╕гр╕вр╣М/р╕гр╕╡р╕Ър╕Хр╕╖р╣Ир╕Щ,336,367,Raccooll,р╕Фр╕╣р╕Щр╕┤р╕вр╕▓р╕вр╣Гр╕Щ ЁЯУН
19,2,2021-02-05 10:29:17,#р╕Ир╕▒р╕Бр╕гр╕зр╕▓р╕ер╣Гр╕Хр╣Йр╕кр╕бр╕╕р╕Чр╕г,callmeruhi,Vet Student ЁЯР╛ | Sloth-kind Y-Novel Translator ЁЯУЪ Finally The Flesh Reflects The Madness Within ЁЯР║,3172,"#р╕Ир╕▒р╕Бр╕гр╕зр╕▓р╕ер╣Гр╕Хр╣Йр╕кр╕бр╕╕р╕Чр╕г р╕бр╕╡р╣Гр╕Щр╕гр╕╣р╕Ыр╣Бр╕Ър╕Ъ E-book р╣Бр╕ер╣Йр╕зр╕Щр╕░р╕Др╕░ тШ║я╕П

ЁЯМКтЬиhttps://t.co/roie8OwHVO

р╕кр╣Ир╕зр╕Щр╣Гр╕Др╕гр╕нр╕вр╕▓р╕Бр╣Ар╕Бр╣Зр╕Ър╣Ар╕ер╣Ир╕бр╕вр╕▒р╕Зр╕бр╕╡р╕нр╕вр╕╣р╣Ир╕Чр╕╡р╣Ир╣Вр╕ор╕бр╕╕р╕Щр╣Йр╕▓

ЁЯМКтЬиhttps://t.co/RISJ4rlXI5", /р╕Ир╕▒р╕Бр╕гр╕зр╕▓р╕ер╣Гр╕Хр╣Йр╕кр╕бр╕╕р╕Чр╕г,34,12,Raccooll,р╕Фр╕╣р╕Щр╕┤р╕вр╕▓р╕вр╣Гр╕Щ ЁЯУН
20,3,2021-02-05 05:36:45,#р╕Ир╕▒р╕Бр╕гр╕зр╕▓р╕ер╣Гр╕Хр╣Йр╕кр╕бр╕╕р╕Чр╕г,Nano_iv_,"ЁЯЗ▓ЁЯЗ╜ - he/she - obsessed with la mikki minach, yaoi, anime&manga - zoldyck family - messy&very slow translator - lowkey nsfw  - xxv - тЩС - a tsundere",53,#р╕Ир╕▒р╕Бр╕гр╕зр╕▓р╕ер╣Гр╕Хр╣Йр╕кр╕бр╕╕р╕Чр╕г https://t.co/DHs8VWtSDy, /р╕Ир╕▒р╕Бр╕гр╕зр╕▓р╕ер╣Гр╕Хр╣Йр╕кр╕бр╕╕р╕Чр╕г,1,1,Raccooll,р╕Фр╕╣р╕Щр╕┤р╕вр╕▓р╕вр╣Гр╕Щ ЁЯУН
21,42,2021-02-01 16:46:14,#р╕Ир╕▒р╕Бр╕гр╕зр╕▓р╕ер╣Гр╕Хр╣Йр╕кр╕бр╕╕р╕Чр╕г,kanoon2124,Jellyfish lover ЁЯТЩЁЯТЬ,1,#р╕Ир╕▒р╕Бр╕гр╕зр╕▓р╕ер╣Гр╕Хр╣Йр╕кр╕бр╕╕р╕Чр╕г р╕Кр╕нр╕Ър╕Хр╕▒р╣Йр╕Зр╣Бр╕Хр╣Ир╕Кр╕╖р╣Ир╕нр╣Ар╕гр╕╖р╣Ир╕нр╕З р╕Кр╕нр╕Ър╕вр╕▒р╕Щр╕лр╕Щр╣Йр╕▓р╕Ыр╕Б р╕Кр╕нр╕Ър╕вр╕▒р╕Щр╕Др╕Щр╣Ар╕Вр╕╡р╕вр╕Щ р╕Кр╕нр╕Ър╣Др╕Ыр╕лр╕бр╕Ф р╣Др╕Ыр╕Лр╕╖р╣Йр╕нр╣Ар╕лр╕нр╕░ р╕Ир╕гр╕┤р╕З р╕Лр╕╖р╣Йр╕нр╕бр╕▓р╕Щр╕▒р╣Ир╕Зр╕Фр╕╣р╕Ыр╕Бр╕Бр╣Зр╕Др╕╕р╣Йр╕бр╕ер╕░, /р╕Ир╕▒р╕Бр╕гр╕зр╕▓р╕ер╣Гр╕Хр╣Йр╕кр╕бр╕╕р╕Чр╕г,8,5,amorfati5286,р╕гр╕╡р╣Бр╕Яр╕Щр╕нр╕▓р╕гр╣Мр╕Х р╕нр╕▒р╕Юр╣Ар╕Фр╕Хр╕Яр╕┤р╕Д р╕Ър╣Ир╕Щр╕Кр╕╡р╕зр╕┤р╕Х
22,66,2021-02-01 11:11:44,#р╕Ир╕▒р╕Бр╕гр╕зр╕▓р╕ер╣Гр╕Хр╣Йр╕кр╕бр╕╕р╕Чр╕г,dimplepeidpiper,"р╕вр╕▒р╕вр╕Ир╕╡р╣Кр╕Ф р╕вр╕▒р╕вр╕Щр╣Йр╕нр╕Зр╣Ар╕нр╣Лр╕в р╕вр╕▒р╕вр╕Щр╣Йр╕нр╕Зр╕Ир╣Лр╕▓
Prism ЁЯМИ
a cup of teaЁЯН╢ЁЯН╡
from now onЁЯМИ",12,"""р╕Др╕Щр╕лр╕Щр╕╢р╣Ир╕Зр╕лр╕ер╕Зр╣Гр╕лр╕ер╣Гр╕Щр╕Ир╕▒р╕Бр╕гр╕зр╕▓р╕е
р╕нр╕╡р╕Бр╕Др╕Щр╕Др╕ер╕▒р╣Ир╕Зр╣Др╕Др╕ер╣Йр╣Вр╕ер╕Бр╣Гр╕Хр╣Йр╕бр╕лр╕▓р╕кр╕бр╕╕р╕Чр╕г""

тнРStellarMarine ЁЯМК #р╕Ир╕▒р╕Бр╕гр╕зр╕▓р╕ер╣Гр╕Хр╣Йр╕кр╕бр╕╕р╕Чр╕г р╣Вр╕Фр╕в @Raccooll р╕бр╕▓р╣Ар╕Хр╕┤р╕бр╕кр╕Хр╕нр╕Др╣Бр╕ер╣Йр╕зр╕Щр╣Йр╕▓ 

ЁЯП╖ https://t.co/Q5yGbg1Od2 https://t.co/LhepMvQk0O", /р╕Ир╕▒р╕Бр╕гр╕зр╕▓р╕ер╣Гр╕Хр╣Йр╕кр╕бр╕╕р╕Чр╕г,6,5,Homuinth Raccooll,р╕Фр╕╣р╕Щр╕┤р╕вр╕▓р╕вр╣Гр╕Щ ЁЯУН
